CPU Overall Power Consumption,GPU Power,FPS
99.895,305.353,113
104.135,341.418,146
107.012,345.209,147
105.918,342.61,150
103.853,345.456,152
101.549,309.994,145
104.649,344.323,147
105.539,347.015,160
104.788,346.303,155
105.518,345.247,151
109.849,346.627,164
106.089,342.611,148
116.077,341.579,147
116.602,345.929,150
109.063,343.503,148
109.217,344.779,136
109.465,341.47,140
107.792,345.696,141
108.815,347.211,143
106.272,345.8,148
106.445,347.682,165
105.63,347.765,162
106.471,345.328,155
106.148,347.72,152
106.56,347.418,157
111.277,341.161,155
127.952,342.376,145
112.364,347.423,149
113.217,345.029,148
117.926,347.816,155
106.168,345.567,153
106.057,347.363,155
110.762,342.458,145
113.884,339.765,135
113.995,347.074,141
113.656,343.621,139
112.484,342.827,138
113.528,343.377,136
114.377,344.093,137
113.913,344.191,137
112.828,346.749,140
112.623,340.697,136
113.328,348.527,144
109.219,347.177,137
111.741,343.561,139
110.826,346.933,138
111.694,347.457,142
112.573,346.049,146
112.609,343.389,143
113.74,348.862,142
112.831,343.11,135
114.967,344.175,135
114.149,346.736,145
110.331,345.801,142
111.254,345.75,138
111.541,347.027,137
113.233,345.901,137
112.32,347.426,136
113.068,348.346,127
106.405,344.896,135
106.662,348.053,132
108.942,347.244,137
109.044,347.404,139
107.223,347.506,137
109.053,347.89,137
108.239,348.388,142
111.698,347.712,141
109.595,347.612,140
110.682,348.242,152
108.081,348.184,148
107.598,347.54,140
106.853,348.332,153
106.862,348.247,148
107.706,346.584,153
106.618,344.527,153
106.862,347.412,156
105.654,346.355,156
112.579,346.895,153
116.24,345.908,153
113.979,347.689,149
111.013,343.819,155
118.161,345.33,151
109.218,346.714,158
110.751,345.547,155
112.065,347.944,177
109.649,345.727,174
111.561,343.129,183
109.416,345.281,168
111.615,346.936,155
111.719,347.175,163
110.568,347.372,147
109.181,329.481,132
108.442,344.193,159
109.637,344.73,157
108.856,347.318,151
111.104,341.206,136
111.142,344.633,156
112.171,348.322,150
112.262,346.231,150
127.778,325.658,129
142.074,323.991,127
115.38,344.347,132
111.335,345.591,149
116.339,348.116,148
119.702,344.957,144
138.404,334.376,131
114.055,340.943,148
112.974,343.971,146
115.973,347.208,171
117.544,345.127,180
117.538,346.756,169
118.05,348.124,170
117.595,346.571,171
116.899,345.641,168
114.544,344.323,163
117.247,346.137,167
117.963,347.199,171
119.01,346.589,179
117.467,345.154,175
115.092,345.659,165
117.574,347.105,168
118.289,347.625,170
115.282,345.936,166
114.542,344.463,162
116.913,343.653,166
117.413,346.365,167
116.712,345.074,168
116.533,342.807,162
117.12,347.333,168
118.514,347.243,181
118.892,347.398,182
116.768,344.873,159
112.657,329.387,163
115.622,340.807,155
117.883,342.398,160
115.844,334.994,148
117.171,340.583,163
117.513,342.355,180
118.884,342.124,188
111.463,337.987,165
112.884,343.732,159
115.554,344.444,172
115.185,346.86,188
115.378,340.382,168
114.309,342.162,182
117.1,345.145,184
115.739,342.397,169
118.663,342.292,166
115.68,341.427,164
126.775,343.745,165
125.649,345.78,166
124.851,345.994,171
121.483,339.324,177
125.157,346.455,166
126.742,344.35,163
125.508,341.312,170
125.417,344.095,167
124.835,339.826,163
123.253,340.772,186
125.284,340.165,171
130.563,343.702,164
131.595,341.171,168
131.214,340.832,164
130.664,340.335,176
125.666,341.205,174
125.604,338.802,168
125.112,341.207,171
124.116,340.279,180
123.267,342.826,168
125.706,342.799,139
126.555,345.817,147
124.894,344.287,155
120.706,331.568,149
120.416,326.908,138
125.1,326.154,136
124.698,325.75,133
124.88,324.574,131
124.398,328.263,132
125.268,331.78,134
122.617,285.241,172
123.14,324.464,136
125.42,331.434,154
125.671,327.75,147
102.038,169.477,130
130.909,77.016,117
149.543,72.97,123
122.309,217.182,130
131.422,328.969,124
131.861,338.46,121
129.41,334.172,129
130.951,332.291,132
130.229,334.692,128
130.706,337.686,131
128.39,342.322,132
128.051,337.629,135
125.681,338.594,139
126.152,343.513,135
124.926,345.928,138
127.318,337.049,136
122.587,346.168,138
126.758,332.369,128
127.501,337.829,141
127.801,343.969,144
119.336,342.95,150
117.917,344.021,152
121.733,346.714,150
121.813,348.677,148
120.349,336.121,158
120.318,343.64,153
122.248,342.267,152
124.758,341.204,140
126.552,338.9,140
124.674,340.748,137
125.503,341.242,143
124.905,338.815,140
125.249,342.217,135
124.464,339.383,141
123.365,342.678,139
123.032,337.654,137
122.366,339.387,136
122.022,339.583,137
123.156,338.953,143
126.521,342.444,137
127.275,339.087,133
121.721,340.85,155
120.551,342.953,145
125.422,339.12,140
122.505,343.572,159
121.419,340.42,163
125.519,336.436,149
133.143,334.689,145
128.402,340.49,146
124.041,344.924,154
120.265,342.489,157
122.069,342.893,149
122.066,340.904,146
122.15,341.609,148
121.157,341.412,148
121.298,342.006,148
122.173,341.623,147
121.119,341.528,149
121.544,341.69,149
121.607,341.01,147
130.813,334.216,123
131.111,326.999,123
130.453,331.748,123
126.267,348.062,149
124.801,346.679,147
128.264,330.76,108
129.783,333.755,111
130.737,342.763,138
128.16,345.276,149
120.304,343.379,156
120.929,342.899,150
124.638,340.732,143
128.492,340.848,138
127.094,338.514,142
126.069,345.89,146
124.683,339.879,153
123.111,339.165,166
126.568,340.205,153
130.763,342.397,154
130.94,339.299,159
129.026,340.789,149
130.493,340.962,138
124.949,338.316,161
132.005,341.04,160
125.112,343.243,155
122.553,343.453,152
122.461,343.927,152
124.389,343.136,148
124.402,341.548,154
124.905,341.23,151
124.831,340.058,142
123.039,345.727,145
123.325,345.454,145
123.274,344.57,144
122.586,345.082,144
122.888,345.917,145
122.416,341.104,152
121.025,342.891,153
120.885,345.354,142
120.596,345.72,142
122.272,340.527,143
121.876,341.683,149
120.361,340.268,153
120.326,341.298,146
126.176,346.218,144
129.049,340.218,144
129.042,343.674,146
128.622,339.992,146
123.455,337.515,155
124.447,342.72,151
126.127,343.817,151
125.231,344.843,151
130.176,341.932,148
127.161,338.469,152
122.663,335.212,168
121.55,340.834,171
121.854,337.193,175
120.737,336.661,172
123.285,341.252,157
122.902,337.675,158
121.832,339.187,161
129.046,342.997,145
125.925,340.604,145
128.102,342.135,146
128.482,341.411,140
126.48,341.336,142
133.094,335.357,190
125.367,344.251,138
123.103,342.322,143
119.983,338.911,154
121.003,346.846,166
123.554,341.443,170
121.921,342.819,182
122.025,342.664,155
118.977,340.431,154
122.502,342.765,169
122.896,340.911,160
123.606,338.316,150
122.928,342.89,139
124.121,344.415,147
119.887,340.423,147
121.956,345.611,148
121.059,344.933,149
121.028,345.618,148
120.993,340.419,137
118.85,340.545,138
120.222,338.834,138
120.234,342.68,137
119.291,343.468,141
120.406,338.622,139
120.37,335.201,139
119.446,339.77,139
120.944,340.388,140
118.986,342.074,135
118.204,341.822,135
118.414,341.149,134
121.125,338.815,139
119.729,343.193,139
119.472,343.672,139
126.237,334.349,131
130.712,343.049,136
128.453,341.61,143
124.874,338.708,155
123.481,339.349,158
124.379,338.465,141
130.675,341.829,142
127.233,340.254,146
123.902,343.341,150
121.805,344.386,148
124.514,342.265,144
123.537,340.903,152
128.37,338.444,140
123.338,341.284,146
125.611,342.561,148
124.811,344.119,152
132.364,341.389,154
126.07,340.332,152
124.193,339.313,136
138.726,315.486,115
138.17,332.811,126
129.394,334.223,134
128.105,337.465,131
127.79,340.395,135
129.56,334.496,151
126.005,333.221,140
124.837,338.551,136
123.941,338.889,138
124.581,336.948,154
123.395,335.233,156
123.708,335.742,154
125.842,344.318,155
126.047,345.252,155
125.728,346.889,156
123.522,337.234,148
124.083,340.004,148
124.07,336.73,149
124.401,336.081,147
124.162,341.095,143
125.203,340.286,141
125.255,341.817,141
126.166,346.13,140
126.703,333.679,130
128.039,339.827,135
134.092,333.879,124
128.834,334.988,146
126.961,335.305,151
126.233,343.691,141
126.062,341.441,131
126.602,343.514,135
126.639,343.012,130
126.816,342.882,131
126.873,334.102,134
127.042,333.204,134
129.254,334.192,134
127.977,335.893,132
127.27,338.829,129
125.398,334.297,146
127.072,334.461,135
128.005,332.589,128
127.869,340.791,136
127.674,342.203,129
128.726,340.789,124
129.163,336.068,125
128.682,338.912,123
128.946,336.163,127
127.716,336.184,124
127.391,334.573,125
128.27,333.996,128
128.203,340.003,135
127.321,335.717,138
126.081,339.674,138
126.81,345.117,145
127.675,342.993,138
127.772,342.3,139
127.694,342.618,142
125.551,336.29,134
125.31,338.596,135
128.367,338.396,125
131.066,338.898,124
127.76,337.359,133
127.522,338.461,133
127.148,339.91,130
129.453,338.617,127
128.508,340.704,153
128.608,343.264,133
127.613,343.243,132
127.076,344.439,130
129.658,335.479,114
130.258,333.866,123
132.348,337.005,118
127.611,335.329,130
128.725,342.222,132
128.314,346.779,130
130.329,343.875,120
128.029,342.261,145
128.373,344.987,120
129.33,338.64,117
128.286,337.975,125
130.041,343.147,113
128.569,336.861,114
130.04,342.859,116
131.207,338.696,133
129.84,337.642,146
129.973,338.045,153
129.053,335.12,155
129.776,336.274,147
129.108,339.707,141
127.641,341.716,140
126.832,343.532,148
127.075,340.45,161
124.78,342.45,149
122.825,338.907,149
124.475,339.457,161
125.693,338.553,166
123.368,339.31,163
125.722,342.516,134
126.66,338.874,154
125.979,340.958,155
124.446,338.693,159
124.746,339.347,156
123.521,341.067,157
123.306,339.302,169
126.328,342.083,140
126.121,341.467,140
122.712,342.081,171
123.128,342.591,178
122.899,342.634,175
123.167,340.173,142
122.621,341.054,141
122.419,339.158,142
124.184,340.56,152
122.41,342.726,174
124.851,344.337,163
123.21,341.181,163
124.326,337.266,153
121.87,338.62,163
122.457,334.271,158
123.968,337.98,158
123.979,338.743,158
123.922,336.627,160
124.643,337.692,160
123.732,342.377,152
122.304,342.759,166
124.734,342.91,159
123.396,343.399,155
122.677,346.544,164
126.013,343.422,147
125.896,339.631,163
125.925,341.241,176
125.824,339.168,134
128.562,343.503,133
125.825,341.207,138
124.272,344.979,149
124.552,338.586,150
125.005,341.844,155
124.717,339.164,157
125.832,338.955,148
127.503,342.902,148
127.771,340.728,146
127.751,342.066,147
127.803,345.924,148
127.976,340.888,146
127.983,338.822,146
126.929,343.102,156
124.693,343.566,175
124.007,340.763,164
129.214,342.446,137
127.244,346.553,147
128.424,342.463,131
126.181,343.187,159
125.075,341.629,166
131.308,341.847,121
134.322,341.323,135
129.419,338.76,146
128.259,340.735,135
126.908,342.073,151
124.931,342.971,136
128.047,346.034,127
129.543,346.595,127
125.665,338.461,142
126.249,334.107,159
127.53,340.733,159
127.363,340.797,164
129.75,339.584,153
129.974,336.213,154
129.634,339.033,163
127.978,342.451,152
127.237,343.408,143
128.591,342.943,130
128.811,343.446,133
125.705,343.664,156
126.677,339.176,184
125.826,340.908,173
124.861,336.917,182
124.197,339.901,180
124.068,342.323,178
123.915,339.808,178
126.546,334.847,164
126.174,339.619,164
129.974,342.197,146
132.604,342.287,145
131.462,343.574,147
131.466,342.769,147
131.799,341.727,145
130.619,338.526,147
127.914,341.536,153
130.636,340.359,148
130.924,339.225,145
130.481,343.372,158
128.891,334.496,151
129.554,344.799,152
126.547,344.45,152
124.449,342.006,150
124.251,341.402,152
121.935,342.874,162
124.357,341.933,168
124.388,337.284,158
122.615,343.011,152
122.985,336.653,158
122.994,340.14,158
121.44,344.944,159
121.983,337.63,162
124.228,340.086,151
126.116,343.633,156
126.113,341.482,141
126.812,337.416,134
129.536,339.924,153
129.921,341.287,146
133.901,340.274,136
131.267,338.036,137
129.484,339.484,132
124.435,344.504,140
130.756,340.389,138
127.109,343.436,133
129.807,345.909,120
132.269,341.339,122
137.001,340.802,119
134.667,340.629,120
138.196,342.271,119
136.263,341.554,122
134.317,342.727,145
128.126,340.046,165
133.297,341.589,134
142.398,341.236,110
131.735,346.573,126
125.403,341.388,169
125.737,340.594,142
127.952,345.124,120
135.888,346.361,111
135.271,347.811,121
133.936,344.098,122
134.763,346.947,122
137.686,346.693,103
138.189,347.409,102
141.752,344.236,99
133.747,346.238,121
125.56,344.595,126
123.292,347.317,146
122.536,345.937,137
123.397,346.581,137
123.031,346.174,137
123.279,347.336,137
122.721,347.736,137
117.089,315.219,178
114.905,217.199,152
124.137,345.784,139
124.047,347.008,138
113.611,288.702,133
124.326,348.205,129
121.772,345.32,127
123.726,347.667,127
131.873,348.255,135
123.765,347.909,136
122.608,347.503,138
123.271,348.108,132
122.683,346.267,134
122.477,345.914,134
121.862,346.223,135
125.296,347.009,126
124.522,347.897,126
126.445,347.093,126
127.061,347.7,125
127.216,346.143,129
127.559,347.058,126
124.074,344.957,130
121.387,348.525,129
125.587,348.427,126
122.389,348.971,127
123.724,347.919,127
126.325,348.078,128
127.323,346.982,128
124.809,347.279,128
124.72,348.357,128
124.629,347.428,128
124.36,347.148,129
125.101,344.695,128
124.829,321.872,144
113.268,191.027,174
125.713,338.193,130
128.383,340.79,131
128.951,344.245,127
126.495,340.592,132
125.745,344.838,127
125.892,346.135,125
129.683,345.455,115
140.952,331.928,102
131.093,343.243,113
131.944,344.837,110
132.48,342.454,108
132.215,346.886,110
134.174,345.013,108
133.11,344.55,111
129.324,344.857,126
127.257,344.016,126
133.314,344.407,124
126.968,340.479,122
132.163,344.124,123
132.258,342.572,108
133.388,343.27,112
133.226,343.204,112
130.522,341.619,124
129.951,344.321,115
129.958,345.081,112
129.401,345.027,113
131.825,343.807,123
130.673,343.133,121
130.501,344.036,131
127.882,344.248,130
126.176,346.205,133
125.974,346.608,131
126.34,345.807,131
127.07,341.336,129
128.25,343.406,128
136.493,341.989,125
128.437,342.859,128
127.184,342.814,128
128.677,342.766,129
131.238,343.608,130
132.006,341.828,136
130.567,339.246,137
128.981,341.832,130
135.04,341.304,126
130.027,338.465,129
128.407,342.178,129
128.138,344.054,131
129.502,342.867,132
126.708,341.113,136
127.43,339.556,133
128.53,340.492,134
147.027,322.559,107
143.671,337.666,130
127.146,341.798,134
123.854,340.659,135
123.738,342.479,133
124.883,342.847,129
125.216,346.038,130
124.621,345.813,130
124.263,345.144,128
126.308,339.983,128
129.409,346.249,131
126.576,339.718,131
127.437,341.626,130
124.967,344.269,131
125.461,343.261,130
125.492,346.143,131
124.984,346.53,130
125.416,347.082,130
123.773,344.89,129
124.372,343.533,130
124.672,342.499,130
125.344,340.871,130
125.486,342.214,130
124.399,343.019,131
125.666,342.977,130
124.946,341.74,130
125.218,342.529,128
125.857,346.009,130
124.798,345.717,129
125.321,344.335,128
125.502,344.731,131
125.239,343.393,130
125.716,343.209,130
125.758,341.941,131
126.062,342.878,131
124.666,342.66,129
126.089,342.276,129
126.18,340.14,126
130.191,341.793,129
126.53,344.513,131
126.642,339.968,132
126.681,343.958,132
126.12,339.781,134
125.31,342.95,133
125.236,341.689,133
126.245,344.199,129
126.42,342.729,128
126.266,344.84,134
126.068,344.516,137
125.896,345.245,134
125.569,343.622,134
125.999,345.547,133
126.64,342.897,133
126.845,343.721,133
126.081,343.665,134
125.591,342.47,137
125.638,340.397,135
126.373,340.7,135
124.545,344.067,132
124.247,341.365,134
124.871,340.241,133
125.268,340.107,134
125.768,341.615,133
125.137,341.185,140
124.214,345.11,143
124.495,343.389,141
125.515,345.972,141
125.283,341.558,172
126.574,338.776,132
126.925,343.924,127
125.726,344.319,129
125.638,343.071,129
125.476,345.562,129
125.697,341.975,129
124.569,345.261,147
124.226,344.519,140
125.728,342.131,133
126.99,341.953,127
126.128,339.437,137
126.852,341.225,130
126.96,339.356,130
126.575,340.951,130
126.284,341.226,129
125.751,339.749,130
126.286,342.46,128
125.882,342.223,128
125.551,341.818,128
125.559,342.005,128
126.061,341.705,129
127.24,345.837,130
125.85,342.525,143
126.651,346.081,132
126.584,343.599,132
126.416,345.187,130
126.627,344.158,125
124.924,343.991,127
125.378,340.819,136
127.436,345.632,135
128.918,344.751,121
125.351,344.761,125
124.856,340.981,127
124.961,342.234,127
123.481,342.627,126
123.938,341.604,127
124.165,343.47,127
124.626,343.553,124
124.531,341.435,126
123.594,343.079,122
122.126,342.895,121
123.165,341.621,122
131.866,344.135,122
131.743,345.151,124
129.94,342.907,124
128.175,340.551,126
124.384,340.594,127
122.575,341.762,130
126.617,342.442,124
130.311,343.3,120
129.195,341.608,121
123.883,342.906,121
122.346,341.502,127
124.009,343.764,126
123.703,342.848,129
124.587,343.416,132
122.66,343.053,147
127.93,341.316,126
129.948,343.267,126
127.541,346.903,126
129.285,346.025,118
128.59,342.44,122
126.503,340.282,121
124.201,344.141,120
123.361,344.421,120
122.267,338.999,118
124.71,340.69,118
124.283,346.014,125
123.207,342.479,117
124.125,340.906,124
127.902,341.436,119
125.961,340.98,120
122.948,342.765,120
123.246,343.503,126
124.103,344.895,133
124.662,339.579,137
132.023,340.463,126
126.115,344.42,124
125.38,341.818,130
128.797,339.501,127
140.37,341.029,124
127.099,339.904,136
125.792,347.603,131
125.004,342.108,133
130.948,342.686,141
130.617,342.077,134
138.166,342.161,131
132.424,337.475,136
128.61,343.459,144
131.043,336.594,140
132.311,337.259,138
132.028,339.903,134
131.168,340.444,139
131.47,337.453,135
130.79,342.74,140
129.842,338.75,143
125.324,339.675,151
124.896,339.487,155
123.24,340.417,154
123.303,340.21,154
126.373,340.292,152
126.561,339.156,159
124.821,339.279,158
125.455,340.353,156
124.618,340.414,157
124.848,339.189,157
125.792,336.125,151
135.075,340.203,144
136.358,345.648,143
128.016,341.166,137
127.996,345.733,141
127.705,339.377,137
124.914,345.612,147
124.703,340.614,151
124.729,341.398,141
129.022,342.733,143
126.645,342.573,143
127.69,342.851,145
126.377,340.743,148
127.159,345.579,148
125.187,345.827,148
125.288,343.489,150
124.764,342.956,152
126.101,343.971,147
126.78,343.64,129
129.267,342.355,132
128.721,343.915,138
128.887,346.88,143
128.202,344.63,147
128.919,340.752,131
131.47,340.445,132
126.805,338.134,151
124.261,342.491,158
125.456,345.277,151
126.674,345.603,148
126.505,345.38,141
125.473,343.987,140
127.833,341.13,139
127.37,344.529,149
122.656,344.249,161
125.034,343.436,138
127.716,343.912,135
129.311,344.947,137
127.464,339.618,158
128.141,343.101,142
127.258,341.27,141
125.974,340.172,145
125.113,339.765,143
124.627,340.532,144
124.568,340.334,144
120.776,264.991,134
126.989,346.693,148
126.538,346.429,149
128.224,344.025,149
131.402,348.712,151
125.808,347.312,152
130.203,348.561,152
128.67,345.956,150
129.681,345.844,150
132.47,345.988,145
133.97,344.028,138
134.923,343.589,139
129.816,349.047,150
124.73,347.823,163
125.42,341.674,160
131.895,333.258,178
132.008,334.466,158
133.825,343.196,148
133.395,345.412,152
132.537,344.722,153
132.55,347.57,154
132.526,346.249,155
106.729,328.651,155
132.293,346.05,154
132.072,346.033,154
132.304,345.325,153
132.878,345.737,148
133.444,345.937,141
126.743,347.058,149
125.235,346.486,145
127.703,344.776,148
131.941,342.37,144
122.756,347.533,156
124.537,346.684,157
129.471,347.604,150
131.401,347.648,147
123.885,348.717,153
124.049,332.27,125
124.952,345.053,158
126.025,344.004,158
123.874,346.774,143
122.511,345.77,147
123.254,347.285,163
125.152,345.649,135
130.836,346.997,131
131.233,344.45,110
133.789,348.998,138
134.74,346.688,141
128.108,348.232,149
126.428,347.058,134
132.9,342.964,121
132.953,348.758,118
128.622,347.944,142
124.936,344.408,138
124.751,346.235,134
128.949,346.666,128
129.907,347.553,130
135.6,341.232,108
131.68,347.006,126
131.59,343.701,112
133.966,346.167,113
134.425,344.46,113
134.562,347.183,112
133.672,347.763,115
132.884,348.38,117
130.736,348.443,123
131.205,345.294,124
132.043,346.093,120
131.832,347.969,121
131.048,348.428,120
130.791,348.201,118
130.399,346.698,118
131.099,347.248,118
132.011,347.686,115
131.564,346.007,115
133.95,344.866,111
133.66,347.597,114
129.814,348.312,119
128.992,347.718,116
129.281,346.986,118
127.999,348.522,118
127.122,347.817,119
129.043,347.208,121
128.628,346.398,120
129.113,346.183,123
128.13,346.557,122
129.901,347.69,120
130.125,348.072,126
129.626,346.57,123
130.935,347.46,122
129.579,346.388,129
127.452,347.87,123
126.234,347.805,122
126.983,349.047,124
123.98,348.179,125
126.283,347.823,121
127.24,345.362,127
125.338,348.312,131
131.306,347.727,123
127.579,347.871,123
126.487,345.324,127
124.817,347.987,131
126.693,347.487,117
129.674,346.763,138
128.894,346.288,136
130.241,345.714,131
127.616,348.324,137
130.855,345.071,122
129.35,345.418,122
128.551,347.677,124
131.636,347.177,121
133.37,347.102,127
129.4,347.334,138
131.815,347.721,122
132.252,346.549,117
131.829,347.624,118
131.14,348.338,117
131.412,346.902,121
129.528,347.698,142
125.496,348.173,141
126.513,345.646,142
126.123,347.69,148
124.244,347.961,146
125.037,346.531,140
129.7,347.988,120
129.803,346.044,122
129.407,348.502,121
130.683,348.878,123
127.282,345.518,122
124.535,346.96,129
128.769,349.145,125
125.796,347.363,133
126.08,347.388,130
125.591,347.407,140
129.593,347.439,132
124.334,345.959,155
126.543,346.083,125
128.584,346.577,119
132.28,348.074,120
128.273,348.088,123
126.873,347.822,123
125.031,348.321,130
124.93,348.605,139
121.961,347.857,138
124.41,347.198,125
124.501,347.094,122
126.507,346.655,122
127.103,348.055,130
130.893,346.627,116
132.529,347.76,114
129.812,347.202,120
131.976,348.5,117
130.461,346.527,118
130.718,346.076,116
133,348.318,113
132.393,348.405,116
126.634,347.226,126
126.882,348.829,121
131.203,348.586,120
127.757,347.847,121
127.646,348.666,121
127.44,348.218,121
132.08,343.559,108
143.215,340.803,108
131.55,348.302,113
133.397,347.809,114
132.471,347.721,120
129.176,347.235,130
131.527,346.768,120
130.205,347.117,121
131.096,347.519,121
131.723,347.892,117
132.206,347.45,120
131.933,347.551,121
131.98,346.731,119
135.388,347.346,116
133.766,347.466,115
134.51,347.535,118
137.38,347.548,110
133.252,347.491,114
128.685,348.741,118
129.141,346.279,121
128.447,347.045,123
128.109,346.558,122
132.435,344.296,116
130.101,348.091,120
125.776,347.804,122
127.579,347.682,121
133.781,344.819,114
133.577,347.715,116
132.017,346.632,118
131.812,347.073,119
132.177,344.732,118
132.683,343.455,118
132.981,343.886,117
132.763,346.029,117
133.212,345.132,118
133.68,345.383,114
133.677,343.664,114
133.683,344.022,111
133.308,344.914,114
132.382,347.661,122
129.503,345.077,146
129.312,347.618,142
128.929,347.092,132
132.117,347.153,109
133.238,347.381,103
131.797,348.49,115
132.533,345.131,109
136.039,347.681,115
134.902,346.354,118
129.785,347.831,130
127.716,347.922,123
132.374,347.354,108
130.438,347.787,134
133.592,344.924,114
130.828,347.167,153
129.667,346.38,126
129.012,348.216,122
128.877,347.612,126
127.866,347.235,125
128.11,348.066,128
126.316,347.08,143
126.494,348.271,138
127.098,348.603,142
130.015,347.044,122
133.2,347.663,123
133.707,347.523,127
131.99,347.82,127
133.093,348.016,123
130.583,346.798,126
128.027,347.543,136
128.796,347.046,121
130.922,346.432,107
134.329,347.163,105
136.153,345.8,102
133.762,347.451,110
132.409,347.891,106
133.947,345.693,104
132.864,348.164,108
130.996,348.303,115
130.546,348.078,116
130.272,348.066,117
125.912,348.362,126
125.538,347.858,119
128.683,348.281,119
127.666,346.637,120
127.983,346.777,119
127.218,347.801,127
128.328,347.811,119
127.614,348.701,121
125.525,348.581,120
126.652,348.642,120
126.366,346.827,118
133.818,345.679,112
134.719,347.052,117
132.376,347.887,116
129.84,347.977,126
128.663,346.867,121
127.915,347.388,126
130.364,347.174,121
133.732,347.698,115
134.067,347.458,120
134.08,347.602,115
133.09,347.525,117
132.992,347.708,115
133.333,347.274,117
134.544,347.703,119
136.561,346.933,112
133.185,348.46,116
133.481,347.864,117
131.477,348.112,121
129.65,346.977,119
129.427,345.665,120
132.039,347.964,118
130.298,348.366,118
129.41,348.09,119
128.24,345.949,120
131.058,348.931,116
129.214,347.616,122
128.697,347.726,121
128.912,345.195,121
128.727,348.533,119
128.509,348.01,119
128.577,347.63,117
129.473,347.66,116
129.771,348.693,116
130.801,346.654,113
129.296,347.849,126
129.964,347.839,127
128.588,348.407,126
128.445,347.927,123
130.043,347.628,121
130.842,346.273,118
129.962,346.442,115
127.336,346.614,118
126.627,347.844,136
125.224,347.572,136
126.271,346.929,128
129.888,346.41,122
125.723,348.05,131
126.169,347.796,129
124.577,347.22,130
125.576,348.348,128
126.686,347.371,118
128.641,347.831,112
129.324,348.514,102
129.556,347.166,104
128.648,348.365,104
129.552,348.18,96
130.967,347.99,102
131.194,348.617,97
132.667,347.022,110
132.266,347.124,114
128.409,348.006,125
126.063,347.089,121
129.806,345.347,107
129.352,347.598,99
129.399,345.943,102
130.013,345.207,102
126.068,346.256,111
125.71,343.493,107
132.984,347.635,94
132.631,347.867,97
131.648,347.882,97
128.837,348.431,108
127.325,347.4,110
126.317,348.416,131
124.981,348.424,125
122.851,347.468,125
123.705,344.318,115
125.967,347.435,119
124.341,347.83,116
123.299,347.967,115
126.656,348.21,114
131.977,346.603,116
134.676,346.698,113
135.799,347.774,105
134.401,348.504,108
130.221,346.93,112
128.362,347.17,112
130.404,346.741,124
129.302,344.442,123
130.899,345.287,121
138.946,348.154,124
129.343,349.17,145
125.056,348.36,137
125.338,346.977,135
130.679,347.609,117
130.161,345.638,116
128.159,348.24,124
127.655,345.211,138
125.455,348.494,132
126.496,347.78,135
126.073,347.3,131
128.406,347.484,121
124.787,347.857,129
125.737,347.347,125
129.445,344.189,125
130.452,345.238,122
129.088,348.095,126
129.113,347.778,125
126.851,345.934,137
123.654,348.419,139
122.75,348.092,141
129.818,345.627,116
130.5,347.227,122
130.233,347.177,135
130.02,347.618,136
131.555,346.293,122
135.982,347.031,114
133.93,346.403,117
132.62,346.972,117
136.346,345.932,111
136.177,347.331,118
126.198,347.688,137
125.584,348.165,146
124.405,348.528,143
123.923,347.521,150
130.632,347.02,129
133.28,346.357,130
132.169,345.93,129
135.249,348.007,113
136.074,344.807,120
136.161,345.238,116
137.559,344.103,116
136.145,347.216,116
136.211,344.727,119
136.088,344.427,122
133.062,348.48,121
131.269,344.08,122
133.115,345.939,124
131.331,345.329,124
131.325,344.026,124
130.393,344.125,128
128.785,345.344,128
130.437,347.222,126
130.546,348.38,125
130.226,346.46,128
132.055,345.897,125
139.591,345.787,127
134.182,343.245,134
128.71,345.724,132
130.488,346.515,134
128.016,346.613,132
133.93,347.461,133
127.842,347.312,136
127.83,348.245,134
132.744,344.035,127
126.704,347.507,138
130.805,344.658,126
130.856,347.7,134
126.465,346.643,138
124.708,347.909,141
124.061,346.396,144
123.305,344.21,139
123.59,344.897,141
122.173,347.129,139
121.373,348.584,137
121.222,345.638,138
121.063,346.347,137
120.785,345.12,136
120.994,347.191,137
122.364,348.218,146
124.187,347.714,151
124.399,344.569,146
137.185,341.57,110
134.136,347.234,132
134.132,344.311,119
135.42,340.028,114
129.608,348.515,136
129.426,346.092,137
128.62,346.63,137
128.441,345.651,130
129.142,344.118,140
140.047,347.159,125
142.916,309.387,97
131.239,340.436,129
127.605,345.505,136
128.557,344.582,139
129.342,342.171,131
129.062,346.327,132
128.488,344.866,137
128.623,342.3,142
125.825,348.315,175
123.508,343.767,173
125.957,346.736,171
125.805,346.345,173
123.208,347.234,177
122.424,345.962,177
125.72,348.648,169
126.117,348.272,170
125.058,348.28,165
128.437,347.383,124
130.468,348.085,126
130.29,346.849,127
131.035,348.545,128
131.496,346.961,129
129.834,344.709,130
130.839,345.02,128
130.394,345.415,129
130.178,348.838,129
130.862,346.816,129
131.003,345.054,128
130.657,346.802,127
129.947,347.382,125
129.292,347.524,130
127.872,347.232,138
127.987,348.321,137
128.186,347.674,136
129.086,347.504,135
129.174,347.838,141
126.537,348.203,149
125.771,346.442,147
125.949,346.62,130
128.706,345.595,139
133.9,348.303,124
130.277,348.401,121
130.94,344.241,134
132.997,346.915,127
129.806,347.631,141
128.694,347.058,143
128.687,347.204,143
127.863,348.247,144
128.169,346.304,127
126.715,346.244,129
125.831,346.072,133
127.718,343.903,145
127.946,345.501,138
127.572,345.412,152
128.254,346.086,157
130.467,342.968,152
131.052,343.596,127
128.486,346.477,147
128.271,345.591,159
126.52,348.824,152
125.996,348.111,144
126.381,346.977,155
127.332,346.646,139
128.392,343.992,131
128.869,348.319,135
128.768,341.458,139
130.233,346.328,137
130.698,348.558,137
129.277,347.937,138
129.65,346.954,139
129.964,347.235,139
130.586,348.423,138
126.827,348.084,138
125.603,347.442,139
125.517,348.397,139
124.939,348.501,136
127.784,343.889,130
127.707,347.829,132
127.611,345.755,122
126.943,348.472,144
125.77,347.708,159
127.686,345.405,153
130.591,341.784,155
124.259,348.005,157
123.687,345.964,148
127.611,345.747,137
133.871,345.74,118
134.5,348.034,119
132.093,347.844,152
131.469,347.937,153
131.712,347.508,149
132.885,348.129,149
131.542,342.593,150
125.682,345.719,153
121.582,343.023,160
125.334,346.112,153
127.403,338.318,159
126.624,339.819,160
126.178,343.912,159
124.162,348.015,156
125.94,348.751,159
127.309,344.928,163
127.622,345.139,162
132.85,335.125,126
138.896,341.183,111
137.601,338.365,99
135.399,348.002,137
136.08,338.677,104
133.274,345.587,134
133.562,346.081,133
132.426,345.672,133
134.944,348.178,125
132.086,344.853,138
130.987,344.966,142
137.973,347.896,120
132.48,347.615,125
136.821,347.229,123
134.409,347.681,127
135.648,346.136,124
134.957,344.542,124
135.623,344.955,123
137.083,346.264,120
137.434,345.62,132
128.736,347.542,158
132.67,347.509,131
134.009,346.764,131
132.355,346.926,132
129.753,347.157,132
130.72,347.003,140
127.613,347.062,138
129.967,347.033,137
129.695,347.659,137
128.184,348.036,138
130.65,346.443,123
137.711,346.219,117
138.656,345.557,116
137.523,346.911,115
137.831,346.252,113
137.071,345.643,110
136.266,346.371,111
136.694,346.058,116
136.144,345.608,116
136.476,347.408,115
136.111,347.004,111
136.098,347.54,113
135.237,347.882,123
134.16,345.502,128
131.612,347.075,123
130.96,347.964,124
132.293,348.013,126
132.498,347.417,126
131.055,347.709,126
128.264,344.817,138
126.706,346.04,144
125.836,346.748,144
125.348,344.001,145
124.742,345.467,145
127.065,346.808,139
127.147,347.176,144
129.608,345.685,122
136.529,344.718,113
132.485,346.706,126
128.381,345.197,152
127.5,347.026,136
127.473,347.91,134
125.077,347.757,139
125.181,348.079,132
128.338,347.347,131
131.914,346.959,142
130.89,344.617,113
130.957,346.844,118
131.981,346.979,127
129.499,348.481,135
132.024,346.849,112
138.278,346.74,105
131.984,348.28,116
130.238,347.768,118
132.101,347.51,119
130.68,348.303,121
131.69,346.564,111
129.153,346.715,139
126.814,347.363,136
124.665,348.363,137
130.358,348.332,134
129.438,348.069,143
128.646,348.113,143
130.772,238.492,150
138.949,342.474,110
137.879,340.553,106
138.465,343.977,123
133.994,344.758,135
133.118,344.648,117
137.974,336.013,109
134.987,344.74,118
137.266,337.529,99
138.299,339.105,103
137.406,342.556,111
136.018,340.457,108
137.758,343.482,124
135.383,343.955,130
133.838,348.024,140
132.512,343.939,139
131.119,344.711,144
129.516,344.937,148
129.006,346.043,148
131.603,346.883,125
136.192,342.037,116
137.186,342.323,109
136.521,347.459,115
136.681,345.177,113
137.76,343.945,107
137.491,344.406,108
138.659,348.062,108
136.817,345.698,111
130.656,347.623,131
136.417,344.094,126
137.933,344.377,114
137.332,344.357,115
136.652,347.486,124
134.285,347.634,127
133.636,344.908,127
134.411,346.341,131
130.297,345.683,138
128.831,347.636,147
129.801,346.698,141
130.546,344.346,131
132.948,346.318,121
136.124,342.274,123
137.54,325.874,91
135.011,344.019,132
132.86,347.882,126
134.19,342.755,145
132.763,344.403,136
133.101,344.656,139
131.273,341.984,143
134.369,347.139,115
132.954,341.924,121
132.086,346.136,124
131.705,344.681,130
130.221,343.498,127
131.845,347.467,112
130.847,345.354,112
131.208,344.634,114
134.405,343.877,106
134.596,343.707,109
134.562,343.751,119
134.828,343.659,105
135.594,339.55,103
137.949,345.325,109
131.322,344.294,118
131.267,346.895,113
128.595,346.545,125
130.623,345.72,125
132.039,345.287,127
131.629,345.36,129
129.267,342.784,131
129.418,345.651,141
130.601,345.008,144
128.414,342.789,126
136.434,347.412,117
134.925,342.956,127
132.057,341.415,135
127.825,342.715,132
132.623,344.222,122
133.828,341.399,127
134.71,339.995,128
133.828,344.453,124
132.054,343.369,122
131.95,343.401,127
134.948,339.103,123
128.614,342.774,131
125.269,348.052,131
125.85,345.845,128
125.235,347.914,145
120.416,348.164,141
123.741,345.228,151
134.708,340.625,135
137.887,343.074,116
136.37,344.183,133
129.045,336.301,149
128.813,345.76,125
127.636,344.932,132
129.192,347.234,132
127.855,346.981,130
128.107,345.011,126
124.383,347.611,142
123.388,347.091,140
125.594,342.504,127
126.37,342.833,155
125.77,345.367,152
129.873,343.38,128
129.857,344.949,129
126.256,345.316,139
132.485,345.796,126
129.802,343.792,130
129.134,343.642,130
130.037,343.028,129
131.881,343.185,120
132.054,341.467,119
129.616,339.064,130
130.552,344.079,124
132.182,340.867,129
129.612,344.436,122
130.523,346.383,124
131.459,344.258,129
131.367,347.055,136
132.144,344.673,128
135.07,339.704,122
130.251,340.409,126
128.547,343.089,144
127.668,345.989,142
134.497,345.525,127
133.609,344.327,121
132.417,345.602,120
134.777,342.98,108
139.97,341.717,106
137.558,341.775,109
133.2,346.872,114
132.773,343.005,111
133.411,346.6,116
132.035,344.104,115
130.557,344.493,131
132.969,345.823,125
132.298,341.502,125
132.697,343.938,122
137.499,340.208,110
136.848,346.076,117
134.883,346.196,119
131.391,335.618,119
128.435,344.902,131
128.373,341.602,126
132.047,340.973,127
133.886,346.252,120
134.778,345.481,119
136.21,347.818,120
131.659,344.054,136
126.083,339.964,142
128.129,343.795,131
136.137,346.504,123
137.274,343.676,131
137.572,342.922,132
132.127,347.581,127
130.86,347.034,126
130.929,346.535,127
129.858,343.069,124
127.558,343.637,123
128.382,343.836,123
131.31,346.398,121
132.072,347.425,118
132.322,343.337,115
133.307,343.619,122
131.595,346.874,125
129.527,342.07,121
128.481,346.489,122
127.18,343.129,125
128.244,343.77,125
128.104,345.996,124
129.482,344.999,124
130.99,340.619,131
128.995,346.84,134
126.721,344.813,138
127.146,345.582,151
124.992,347.937,159
125.702,346.946,160
127.211,346.767,142
136.302,347.644,125
139.915,342.118,112
138.853,343.867,114
137.541,344.311,115
136.929,346.185,113
139.208,344.657,110
135.454,341.093,116
136.961,347.198,120
134.857,345.85,118
131.451,346.347,124
129.002,342.521,130
127.54,345.91,130
128.114,345.652,127
131.183,343.497,118
133.854,347.912,115
135.391,346.453,121
136.166,347.782,122
133.875,343.832,113
136.06,310.88,152
131.558,344.384,109
142.327,342.089,114
136.634,339.895,114
135.705,342.245,123
134.725,341.566,119
134.109,339.874,110
134.228,342.88,120
134.434,343.905,125
133.012,341.071,114
137.484,343.621,103
140.493,337.147,104
141.806,339.615,103
142.125,336.298,103
139.641,341.137,110
137.796,343.081,114
138.779,339.91,113
138.676,343.801,116
135.832,345.142,124
132.6,343.574,119
131.512,347.834,116
131.675,344.203,111
122.458,211.492,171
140.702,309.791,164
124.814,344.364,167
126.097,340.436,160
132.416,345.003,139
129.634,336.974,131
116.46,124.255,150
148.887,87.217,139
144.379,84.264,179
131.355,337.923,142
127.676,344.827,139
126.204,348.611,151
124.52,343.304,146
124.601,340.971,151
126.121,342.026,169
123.996,343.676,158
124.712,343.942,150
126.938,345.359,142
129.263,344.905,143
133.774,345.28,137
124.367,346.395,147
128.293,335.622,126
125.115,342.068,136
125.287,346.381,150
125.615,346.259,156
122.249,329.717,158
123.917,333.796,159
122.633,333.109,159
122.786,335.76,160
117.873,270.492,183
127.004,327.952,128
126.261,330.486,137
125.603,337.986,161
122.58,337.625,153
121.253,338.457,154
121.053,340.168,151
121.566,337.389,150
121.819,338.987,147
116.438,338.726,151
114.254,278.187,172
120.941,332.286,148
124.171,317.335,132
123.878,323.723,133
114.029,291.042,147
122.768,334.133,126
121.607,345.925,127
123.589,342.011,131
125.501,341.187,123
125.836,345.881,124
124.753,346.276,121
125.847,343.898,127
125.387,337.587,124
124.86,340.481,122
126.632,343.488,120
121.176,342.658,122
130.714,344.84,130
121.466,345.137,133
124.761,337.476,135
121.253,348.156,137
123.993,342.791,125
126.677,343.534,123
127.249,345.985,132
128.671,345.155,138
135.461,342.578,147
127.221,345.947,135
127.671,347.274,149
125.45,346.564,149
124.261,345.99,147
121.81,341.54,145
126.725,345.133,147
126.605,347.552,147
126.81,347.095,145
126.837,343.01,139
124.258,344.565,148
120.138,348.14,152
119.455,344.825,151
119.578,345.511,152
119.059,346.06,152
119.778,347.144,152
119.913,346.678,151
119.881,347.635,151
119.938,347.953,151
119.699,345.765,151
119.525,345.303,151
119.476,345.941,151
120.091,345.967,151
119.176,344.119,151
119.307,345.657,151
119.446,347.372,151
119.673,346.324,151
120.256,346.791,151
119.778,344.088,150
120.047,347.446,150
120.28,345.342,151
119.757,344.872,150
119.714,342.845,149
119.624,345.982,150
119.821,343.249,150
122.148,345.235,149
124.032,341.482,146
124.863,346.161,137
132.217,344.619,136
140.127,316.631,144
123.785,339.989,124
128.953,319.025,145
112.361,280.369,180
128.913,345.294,122
132.229,341.306,115
130.178,342.233,121
127.875,343.596,123
130.427,344.841,122
149.657,341.407,116
138.424,342.732,117
135.375,340.291,121
135.166,342.311,123
130.317,345.486,133
131.067,343.844,135
134.27,341.477,134
132.329,345.6,125
131.484,343.967,125
131.664,340.962,124
119.19,189.517,174
136.238,342.693,123
138.781,339.44,120
139.518,341.385,118
137.489,340.659,134
129.467,339.84,174
131.762,340.483,141
132.448,339.476,150
138.65,343.318,125
137.623,346.098,117
135.913,342.329,123
138.043,338.59,112
131.699,341.717,126
128.562,344.338,130
127.534,344.107,130
127.83,343.438,129
129.501,342.816,128
130.899,343.531,128
131.898,344.595,128
128.689,347.302,129
127.637,346.659,129
129.503,345.283,127
126.785,345.351,128
124.918,342.475,129
125.882,344.627,130
126.07,345.131,129
126.166,345.395,127
125.917,346.927,130
126.457,340.539,128
129.365,338.512,125
137.829,342.122,125
140.135,341.668,125
130.041,345.803,134
131.023,339.686,123
132.952,343.283,124
132.208,344.007,126
134.981,345.936,119
134.791,341.836,125
135.274,325.658,114
135.816,337.71,118
134.963,340.084,122
135.265,342.985,120
133.478,342.07,121
134.512,340.493,124
129.401,339.377,133
129.904,342.682,132
128.275,339.734,135
127.64,338.777,140
127.541,347.638,140
127.436,345.537,135
128.812,343.55,132
130.209,342.297,130
133.146,342.958,124
133.07,340.002,123
132.642,339.375,122
137.498,344.012,116
132.215,343.807,117
133.198,336.191,121
134.98,339.813,125
134.879,339.143,126
136.67,340.272,116
137.595,340.846,126
136.177,337.544,125
132.489,344.647,127
132.596,343.011,133
131.504,341.664,133
130.207,342.13,134
134.994,342.096,124
133.398,342.943,132
134.28,344.192,120
133.059,343.459,132
134.484,341.24,134
133.073,342.488,129
133.676,343.529,132
134.85,342.076,127
134.102,344.327,125
135.234,342.272,125
137.48,340.954,128
137.652,340.8,122
135.959,343.705,123
135.504,343.098,124
129.451,345.514,139
126.904,347.656,131
132.03,343.26,127
132.487,345.162,129
132.588,343.778,128
130.311,345.918,124
127.268,343.422,122
131.323,341.724,129
130.661,341.983,128
132.354,342.228,124
133.683,344.666,121
136.276,343.701,131
128.782,347.926,141
130.184,343.242,138
132.178,344.59,130
129.523,345.891,133
127.045,345.596,139
128.389,346.273,131
129.792,344.599,129
133.618,342.678,125
132.593,343.332,129
129.848,342.416,134
131.52,344.293,126
135.554,344.227,125
134.897,343.612,127
130.916,342.463,135
128.799,344.396,136
128.26,346.283,140
128.724,340.345,148
130.369,344.058,140
128.693,347.917,145
128.431,345.711,143
130.055,344.094,141
135.279,342.26,142
130.827,340.64,147
131.779,341.916,142
132.39,343.071,127
134.887,342.567,124
134.201,341.622,120
134.229,332.626,151
139.529,329.472,153
131.479,328.178,177
130.477,341.069,141
130.052,339.441,158
132.987,339.585,140
129.877,342.943,123
132.401,343.286,124
135.733,340.514,124
134.636,342.989,130
134.398,341.011,128
132.571,344.809,116
130.081,344.278,124
131.657,337.007,163
136.567,333.906,127
139.023,340.699,124
133.199,342.399,126
132.488,342.109,125
133.882,338.463,134
135.939,336.38,137
132.171,339.858,140
134.223,333.716,160
133.488,327.638,174
131.887,344.237,119
134.443,343.404,111
136.512,344.642,114
134.871,343.042,114
138.5,342.485,115
131.54,329.53,154
133.907,339.13,122
135.319,343.019,118
135.971,341.158,117
134.378,338.467,144
132.057,343.064,142
133.399,340.826,130
142.627,341.544,126
133.697,341.554,126
132.028,339.949,130
132.334,340.393,139
129.746,345.59,144
131.107,327.255,173
129.42,326.556,181
135.728,341.97,126
136.54,337.833,124
133.611,341.223,127
131.652,337.906,132
132.584,337.911,143
140.244,316.503,120
139.399,331.459,132
134.971,339.727,130
134.711,341.171,132
132.845,334.282,131
136.197,333.265,134
135.098,335.623,142
134.051,336.939,139
128.905,339.083,149
128.151,342.371,149
128.665,344.222,148
130.937,340.695,140
132.606,340.191,134
135.674,337.415,127
137.009,342.463,136
134.547,340.099,138
133.662,342.434,144
130.62,343.399,144
130.481,341.154,143
135.801,343.965,141
136.925,344.014,132
131.324,345.62,137
133.947,343.486,134
134.483,341.69,129
133.899,343.068,127
130.84,347.143,134
128.73,344.91,138
132.595,343.028,129
133.679,338.215,140
133.567,338.815,136
130.695,340.165,139
129.278,344.941,145
132.205,343.498,135
124.967,333.022,138
128.151,344.36,154
129.653,341.995,141
128.436,342.119,143
128.482,340.677,137
128.161,341.734,137
128.626,342.38,146
131.053,342.607,130
132.97,337.85,131
130.921,345.271,145
128.795,345.94,146
132.833,344.717,127
134.496,341.085,129
133.674,343.548,131
129.652,343.485,142
127.499,343.478,139
129.82,343.462,140
127.029,342.529,143
130.257,344.775,146
131.441,343.236,134
130.598,342.726,135
130.308,342.963,134
130.16,343.554,135
130.051,342.051,134
129.724,343.252,142
125.968,345.407,154
126.087,342.84,143
124.197,341.39,143
124.721,341.494,144
117.711,324.42,158
123.951,345.628,148
130.01,346.615,149
128.017,345.906,147
131.663,343.174,144
127.544,344.223,137
126.748,343.408,137
127.801,342.992,139
134.236,343.78,137
131.136,342.672,145
123.694,347.64,150
131.628,342.826,146
138.812,336.087,137
148.132,338.875,138
128.551,343.716,146
124.206,337.206,143
128.861,344.575,158
129.781,344.233,158
130.444,343.035,155
135.458,340.051,147
137.142,318.93,158
132.464,347.463,143
138.137,348.317,144
139.951,345.046,135
127.409,331.175,140
142.041,345.169,135
135.609,346.113,133
134.381,348.091,135
132.879,348.023,135
130.571,347.946,139
127.923,347.872,134
127.941,345.123,137
127.227,346.196,136
126.603,346.716,139
125.522,348.586,141
125.569,347.933,139
125.95,346.601,150
123.559,346.105,147
125.377,347.566,147
124.885,346.553,148
126.304,345.115,140
126.242,345.942,143
124.875,343.852,143
126.817,344.463,138
128.151,345.748,142
128.151,346.256,143
125.619,339.854,164
127.513,341.038,180
126.546,346.961,181
129.29,346.18,149
130.988,346.161,144
129.074,347.38,157
126.178,348.15,167
125.404,347.477,168
124.808,347.291,164
129.533,345.088,129
131.02,347.6,150
128.596,345.056,156
126.649,348.281,144
126.753,347.529,139
125.972,348.041,141
125.748,346.855,144
125.728,347.217,140
126.276,345.68,141
126.487,346.946,141
127.43,346.072,142
126.367,345.88,139
126.484,347.8,144
128.507,346.51,142
128.17,348.486,143
127.75,347.981,144
127.322,347.955,138
126.93,343.457,141
127.506,346.374,153
128.844,348.159,140
128.43,347.337,158
127.191,347.45,150
129.098,346.259,133
127.836,345.642,151
129.7,345.749,139
127.583,345.462,146
127.741,346.214,139
127.425,348.499,136
127.344,343.365,128
126.295,345.349,134
125.509,344.692,129
125.782,345.403,132
125.717,347.358,150
126.56,345.979,159
123.862,346.607,148
125.64,346.977,140
126.472,347.138,152
125.162,347.608,142
126.31,346.774,139
125.645,348.311,140
125.503,346.547,140
127.429,345.876,139
127.286,345.854,148
136.546,346.926,139
132.753,348.103,125
130.306,347.119,126
128.322,348.01,133
126.539,347.925,142
126.92,347.482,138
125.446,348.003,139
123.826,347.953,141
124.723,348.347,142
125.116,347.997,152
126.35,347.544,141
127.102,344.271,133
127.368,347.01,130
127.376,347.622,137
125.509,347.44,151
123.29,346.682,155
124.918,345.746,151
125.454,346.995,162
127.608,344.839,156
125.888,348.081,165
129.832,347.889,140
130.378,347.187,124
133.88,347.573,120
134.76,347.854,123
133.278,347.527,130
129.818,348.486,143
130.267,346.889,143
129.982,347.991,134
127.107,347.937,132
127.661,347.531,132
126.337,346.715,128
127.99,348.015,135
128.129,346.107,137
125.404,346.153,135
122.833,348.176,145
132.146,345.476,124
129.087,348.472,129
126.855,346.924,129
126.113,347.904,133
125.37,348.19,142
128.18,346.057,129
126.049,347.109,141
126.752,347.259,133
127.732,347.289,132
130.896,348.076,128
132.358,346.33,139
130.423,347.467,146
130.805,347.417,146
129.781,346.161,141
130.267,347.487,143
130.375,345.868,148
128.821,345.32,143
131.537,346.519,139
127.17,347.842,146
128.374,346.943,137
131.312,347.386,133
131.021,346.554,135
130.097,347.816,142
131.616,347.159,131
127.865,347.961,138
126.38,344.656,132
130.699,346.83,131
131.891,346.212,175
134.391,346.176,170
133.544,348.434,160
132.397,345.212,153
130.651,348.432,152
129.778,348.056,151
130.793,347.345,126
130.999,347.651,138
130.425,346.917,142
130.343,346.509,139
128.683,347.358,132
130.15,346.221,136
134.545,347.786,133
134.564,346.022,131
134.686,345.198,128
134.699,344.83,128
134.718,347.655,136
132.271,347.557,146
129.945,344.209,151
127.22,343.934,144
128.198,344.603,141
125.852,347.409,147
129.746,346.674,132
134.471,344.904,124
134.082,346.347,122
133.387,345.218,123
133.517,345.446,136
132.051,345.385,131
132.617,347.26,124
130.828,347.276,120
130.791,346.969,121
131.535,345.965,127
131.81,346.959,136
131.418,347.091,139
129.522,346.375,142
126.024,346.341,144
117.452,206.534,160
131.079,340.255,141
130.984,341.941,141
126.687,339.729,150
129.243,337.842,145
128.776,339.431,142
128.789,339.973,141
129.867,343.235,148
129.046,339.391,142
118.752,338.514,145
118.627,320.032,146
123.141,331.992,164
116.679,301.972,145
130.429,345.667,127
129.84,339.764,128
125.043,306.021,157
117.281,332.868,133
128.086,343.854,137
133.836,341.236,130
128.985,341.973,141
129.307,340.479,126
128.622,343.009,127
132.863,337.99,126
129.075,343.218,131
127.701,346.157,131
127.763,347.804,146
120.915,345.984,164
121.159,348.069,151
121.625,348.539,151
121.459,348.096,151
123.842,344.049,142
125.413,347.186,131
128.487,346.565,130
129.961,347.371,133
132.091,346.039,126
129.521,348.016,146
125.095,345.684,166
127.153,345.112,159
128.054,344.868,153
127.815,346.908,174
124.085,346.781,168
123.268,345.126,156
125.468,348.136,168
126.425,346.879,179
127.419,346.358,154
131.106,347.894,168
132.27,346.479,180
129.258,345.851,174
130.232,344.781,155
128.204,348.208,165
125.708,346.988,168
125.666,346.439,176
126.759,347.014,167
128.747,345.827,149
126.348,347.344,156
128.635,344.964,150
130.154,347.98,142
129.739,349.152,140
116.589,322.223,155
126.15,340.768,141
127.4,340.999,127
130.021,341.93,132
132.449,340.835,139
128.838,340.863,139
130.147,339.931,138
127.344,340.699,136
127.436,341.973,139
127.344,339.562,137
124.125,344.157,139
128.46,342.378,127
127.779,341.48,134
127.801,345.743,134
131.104,340.224,127
130.785,343.673,123
130.764,341.246,123
130.012,339.889,120
137.102,343.147,119
131.42,342.779,122
130.496,342.065,120
129.152,340.65,136
121.671,342.805,139
121.307,343.91,140
121.013,344.579,140
121.713,343.716,140
124.466,340.261,135
130.729,342.855,132
129.528,345.038,128
130.156,345.639,138
132.182,347.038,135
129.996,341.096,138
130.433,338.248,139
131.322,342.689,135
130.395,345.73,137
129.565,342.817,137
131.275,344.329,136
129.411,345.353,136
128.913,342.043,133
128.07,345.943,136
128,345.771,134
130.062,344.048,137
127.69,343.538,137
130.499,338.95,134
131.479,339.08,135
128.966,341.624,134
125.912,339.209,133
125.63,342.927,133
125.247,342.416,134
122.818,339.739,132
129.394,345.76,137
125.921,345.397,135
132.665,343.818,133
130.944,347.643,134
129.468,346.747,133
130.827,344.615,141
135.51,342.051,126
131.54,347.733,124
130.798,346.397,124
131.697,345.157,122
130.038,346.532,124
128.157,342.729,121
128.964,343.307,129
132.351,342.161,132
126.177,344.076,128
124.082,341.775,132
125.766,341.019,133
126.728,343.803,128
124.252,345.191,135
123.605,342.925,137
125.492,343.537,134
134.828,342.377,131
128.645,345.485,122
126.251,345.368,128
129.325,343.03,128
138.576,345.287,128
134.031,347.681,133
137.39,346.844,119
132.048,348.32,122
134.145,345.439,122
132.086,346.732,130
133.466,345.083,133
135.727,345.285,136
128.492,346.4,141
126.673,348.077,137
127.124,347.552,135
126.49,345.797,136
122.871,343.605,137
124.434,345.012,137
132.061,345.689,132
132.842,342.783,131
129.81,344.786,140
131.37,342.104,137
134.558,344.376,136
132.645,340.189,138
133.481,347.027,136
131.238,345.234,139
129.605,347.293,135
125.701,344.555,152
121.132,286.496,161
136.226,292.121,158
130.056,340.292,149
132.878,344.195,140
125.581,342.534,140
127.63,344.164,139
126.029,345.596,141
125.55,347.586,137
126.485,345.275,135
135.325,342.986,136
136.596,345.238,134
135.173,343.129,134
131.711,343.93,137
132.277,347.184,137
137.346,345.18,130
130.305,342.342,122
133.97,345.941,130
131.313,341.608,127
127.137,343.689,121
128.686,345.082,126
128.661,345.013,133
131.331,346.003,130
130.003,347.454,134
128.475,344.513,123
131.003,344.877,123
129.198,348.297,134
131.866,345.775,136
128.718,346.485,139
138.639,343.412,137
140.642,346.732,131
134.641,347.069,133
134.34,343.499,134
136.654,344.813,141
132.863,347.237,143
133.12,343.816,142
134.411,341.939,141
146.247,329.08,122
146.688,316.325,114
135.607,340.131,134
140.41,338.199,130
136.691,343.924,136
137.847,344.262,146
140.771,344.643,155
138.936,339.082,147
137.529,342.138,171
134.305,341.29,159
141.676,341.423,143
138.226,340.774,145
141.598,341.918,137
144.671,336.958,133
139.153,342.274,137
140.056,342.767,149
135.219,341.371,156
137.379,336.864,120
134.491,341.311,141
125.094,345.745,165
128.69,348.195,150
135.393,333.507,114
138.028,343.456,126
139.136,345.472,132
140.056,341.605,124
142.277,339.087,112
140.064,340,111
135.102,345.888,122
130.455,344.05,126
131.935,345.208,130
132.472,343.099,119
131.354,344.907,118
130.202,343.599,118
130.546,346.84,116
133.612,346.931,116
132.635,344.736,114
134.048,344.397,116
133.161,346.31,123
127.14,345.388,128
127.159,346.377,127
127.038,346.35,155
128.494,346.948,142
125.033,345.184,140
127.149,344.554,127
128.95,347.938,127
131.379,343.075,130
131.024,342.628,130
126.601,344.871,134
125.174,345.766,135
126.81,341.664,134
128.618,341.381,131
128.618,342.511,132
128.646,341.148,133
127.311,344,134
127.408,343.24,136
126.106,346.622,135
125.63,347.015,135
125.631,346.318,134
125.349,346.878,136
124.661,345.671,135
125.943,345.546,133
128.955,344.02,136
129.087,345.301,132
126.862,347.733,134
126.792,346.86,142
126.938,346.128,140
125.919,346.458,141
125.965,343.122,137
127.768,344.478,131
131.007,346.036,133
130.363,344.176,136
126.974,344.841,146
127.398,346.101,142
130.745,344.874,132
127.608,344.532,143
128.766,345.034,133
131.268,343.892,131
129.617,345.61,131
127.834,344.265,134
129.692,344.613,131
129.356,346.952,131
129.793,346.545,136
128.148,346.58,134
125.925,346.252,134
125.69,343.98,132
127.726,343.333,133
129.453,343.746,120
130.406,344.643,134
129.259,346.802,130
131.148,345.753,127
131.985,341.736,128
133.291,344.451,127
132.05,344.372,127
132.11,344.674,127
128.246,343.464,129
129.366,346.181,123
129.991,345.107,125
128.459,346.653,124
126.354,347.307,133
124.952,347.077,137
129.966,342.774,127
128.458,346.202,133
131.577,345.52,125
131.893,345.636,128
131.628,347.941,130
130.31,344.612,131
129.13,342.799,127
127.726,346.479,139
128.535,344.981,130
126.299,346.945,130
130.137,343.315,120
132.711,343.784,128
135.122,344.75,130
132.507,344.478,129
132.751,345.257,130
132.838,345.198,133
129.797,346.065,125
129.065,346.149,114
129.388,346.744,131
126.995,346.581,134
127.858,345.566,133
126.756,343.481,130
125.831,345.032,143
130.408,347.398,115
131.268,347.792,115
131.346,343.213,121
127.425,345.554,122
129.162,345.666,130
129.022,344.11,129
131.587,344.981,128
129.782,347.39,119
131.224,347.434,128
133.336,344.021,128
133.207,347.956,129
133.208,345.001,128
133.569,342.918,129
133.904,345.204,127
131.365,341.241,133
127.112,344.124,142
126.261,347.087,143
129.192,343.47,133
135.827,343.559,136
130.932,347.482,139
129.161,346.711,143
132.902,330.423,131
134.928,341.328,137
131.315,339.952,136
133.137,345.928,142
129.425,341.412,133
133.345,343.227,134
133.804,345.33,132
131.372,343.004,131
133.394,342.748,125
132.053,345.052,136
128.106,346.921,137
129.794,346.763,138
142.933,322.971,110
144.014,313.084,112
133.536,341.731,129
140.274,342.953,131
136.416,344.609,132
135.846,339.439,121
133.168,345.162,129
130.994,343.91,134
131.992,343.884,135
132.855,343.798,138
129.765,346.197,141
132.84,344.443,134
137.678,345.113,134
129.135,329.536,139
133.139,344.374,133
129.16,346.781,152
128.329,345.531,144
129.287,344.281,128
134.636,335.379,107
138.061,342.59,120
141.332,328.51,114
143.863,330.343,117
152.395,335.83,121
153.546,328.49,125
153.147,335.59,126
143.476,339.513,125
140.507,343.695,125
139.22,343.897,124
141.498,342.548,119
139.156,343.758,120
136.247,343.232,121
131.589,339.771,128
133.238,328.478,135
134.872,327.403,136
132.806,332.243,136
137.581,330.641,126
135.821,331.031,126
132.257,337.77,134
139.123,321.713,120
143.033,324.386,126
137.694,329.311,122
139.008,322.253,123
139.564,327.097,123
138.729,326.92,120
138.148,314.824,102
152.969,324.052,124
142.014,340.505,154
132.019,342.262,162
130.941,341.961,162
128.461,341.513,164
128.293,340.228,154
127.592,347.342,155
127.418,345.499,153
128.063,345.828,159
128.422,342.587,165
127.912,344.896,153
127.877,341.462,164
128.301,341.866,165
128.072,345.142,154
127.4,347.043,154
127.835,345.199,153
129.584,338.42,143
129.965,344.69,165
127.634,343.108,145
127.924,341.937,147
127.617,336.982,158
127.925,341.671,149
128.098,341.596,148
127.836,341.407,147
127.658,341.786,147
127.939,338.819,160
128.091,338.789,161
128.856,341.381,148
128.854,342.115,146
127.347,342.499,143
128.287,341.45,144
128.759,341.161,147
130.258,341.743,167
132.079,337.473,161
130.258,344.608,159
129.639,343.331,156
129.486,341.616,169
129.495,337.637,166
129.869,344.931,157
129.617,341.411,158
129.092,341.585,168
129.24,341.953,169
129.658,338.878,165
129.799,340.818,160
130.105,341.195,159
128.661,340.849,163
129.991,339.524,166
129.755,342.22,158
131.368,344.439,166
128.796,344.376,158
128.531,343.635,159
130.284,342.383,163
129.36,342.965,170
129.811,339.607,167
129.313,340.802,165
129.596,345.482,157
129.821,345.284,156
128.726,344.363,161
129.297,344.344,158
128.781,345.079,156
128.799,343.511,157
129.566,339.903,164
136.104,331.666,120
136.101,339.237,121
135.707,337.904,125
128.226,343.515,120
129.833,341.792,123
135.328,335.559,116
135.061,333.488,118
134.985,338.773,124
136.14,341.616,125
135.952,338.29,124
133.437,337.685,128
132.408,336.014,120
132.097,340.523,132
133.07,335.95,127
138.4,334.199,126
133.012,338.993,126
131.209,342.455,131
131.795,337.26,114
134.139,334.745,117
136.033,330.056,105
133.19,340.41,114
131.806,342.068,114
132.807,341.779,114
133.734,342.313,119
129.116,342.698,122
128.571,341.731,124
129.002,342.558,120
137.902,328.685,111
143.398,308.587,105
134.993,343.274,135
133.414,344.161,137
134.964,331.185,113
133.603,335.854,121
137.554,325.836,117
133.008,340.716,131
136.717,338.937,128
137.826,335.734,112
127.853,344.83,122
125.596,345.681,119
136.291,340.437,125
129.112,345.647,134
134.927,336.581,127
133.529,315.266,119
134.477,340.474,142
132.119,345.233,148
133.122,345.435,154
135.288,332.059,130
130.881,343.732,140
130.521,342.325,140
130.344,342.482,138
129.88,345.355,141
132.072,342.788,146
133.244,338.353,149
128.754,342.946,161
129.219,343.798,155
129.8,342.873,144
128.937,344.222,154
130.478,338.983,137
132.222,339.976,149
131.595,342.08,149
130.91,342.747,147
135.402,335.504,148
137.057,328.145,144
134.288,328.763,138
133.913,337.467,139
133.262,329.018,147
132.478,339.355,152
132.908,338.907,151
131.394,340.541,158
134.191,327.788,136
133.934,340.451,149
133.22,340.308,155
131.043,340.204,160
128.678,341.591,178
131.646,341.234,148
134.09,330.3,149
133.724,339.119,156
131.148,343.068,163
131.249,341.952,162
131.795,340.737,160
134.269,336.983,145
133.338,331.699,147
134.404,334.942,144
132.566,327.614,131
133.499,335.692,152
132.723,341.671,157
133.07,338.632,156
132.313,338.98,159
132.73,341.775,177
133.27,337.101,144
134.687,336.463,143
133.829,341.105,144
134.129,338.313,141
132.091,326.568,133
133.453,337.339,149
132.938,341.264,154
133.296,337.007,161
133.179,337.011,164
133.154,338.01,158
133.31,339.744,156
133.605,331.376,144
133.279,342.192,157
132.17,343.269,157
129.726,339.82,159
134.667,342.146,148
135.07,339.866,152
133.843,336.735,150
132.918,338.564,152
134.276,338.366,147
132.053,336.857,151
132.555,342.431,152
132.251,340.905,156
133.073,340.7,157
133.144,339.001,157
133.246,340.888,158
132.826,336.941,158
131.258,342.246,170
127.043,344.046,172
131.628,342.139,162
130.941,343.384,158
132.354,342.809,156
132.881,330.756,135
133.754,331.996,141
133.449,327.822,142
132.993,342.399,157
131.981,341.59,160
132.439,341.277,159
130.39,340.08,163
132.654,341.908,161
131.003,340.325,162
131.363,341.398,163
131.295,341.301,159
131.411,342.038,161
132.374,340.268,154
135.158,318.076,119
133.066,338.668,166
132.178,340.892,158
132.673,340.344,154
132.052,341.403,162
134.022,339.846,150
131.654,341.867,155
132.414,342.694,162
129.805,342.817,162
133.912,340.025,154
133.758,339.507,142
133.887,335.666,150
132.813,333.394,145
132.689,324.276,140
131.182,330.098,139
132.666,328.936,139
131.719,329.09,139
133.411,338.333,153
132.399,342.491,165
133.586,337.711,150
132.503,340.642,157
132.11,340.784,170
132.456,340.702,178
132.311,339.194,170
132.269,340.098,157
133.438,337.265,150
132.891,339.085,146
133.062,338.792,155
135.722,330.091,134
133.776,343.44,158
133.877,338.526,144
133.698,339.045,153
132.551,340.303,170
129.007,340.415,164
133.94,331.907,148
133.675,337.557,155
129.831,344.016,167
132.44,341.34,154
131.953,341.75,151
129.309,341.637,169
131.273,339.968,156
131.576,341.378,159
130.036,342.621,182
132.042,340.822,178
128.936,341.709,165
130.507,341.649,156
133.072,338.775,157
133.184,339.999,164
131.67,339.341,159
131.66,340.661,159
131.269,337.607,159
130.671,335.124,165
132.235,332.697,164
133.372,338.228,150
132.807,341.734,153
133.109,339.865,155
135.892,327.677,124
135.776,334.078,141
132.668,336.59,159
129.739,338.452,161
132.826,332.605,147
132.029,343.312,162
132.346,341.479,161
132.74,342.325,169
132.722,337.104,167
133.073,339.803,166
133.092,340.753,166
132.13,340.544,161
131.933,341.725,163
130.728,341.895,166
134.932,317.667,114
134.329,318.86,114
131.314,328.529,124
131.515,336.807,136
131.518,334.956,145
128.756,342.872,151
129.032,330.192,138
132.757,336.096,145
128.054,342.166,148
129.447,330.787,152
130.346,341.501,154
129.384,342.602,154
129.145,338.77,156
128.4,334.749,149
128.468,338.492,153
130.979,337.121,148
133.229,314.441,111
133.906,335.913,143
133.67,339.594,149
132.126,339.882,164
130.718,342.321,164
131.235,342.112,150
132.157,335.286,142
134.135,332.57,142
133.567,330.644,142
129.194,327.587,146
132.485,341.52,165
131.556,317.407,142
129.549,344.169,181
130.618,321.622,126
129.218,345.282,155
130.119,332.604,136
131.262,345.143,149
132.348,311.086,109
132.947,329.337,141
133.469,331.299,143
133.028,339.51,154
129.28,342.075,176
130.205,340.647,159
132.542,341.952,155
135.147,323.288,123
134.835,320.498,113
132.906,332.049,148
132.613,320.738,122
130.963,342.149,163
132.172,325.189,131
132.626,337.352,156
133.025,338.778,157
129.575,341.637,168
126.999,343.885,168
127.959,345.498,168
128.447,342.725,173
128.437,342.393,175
127.822,338.723,171
127.297,336.466,155
128.191,342.294,168
128.63,344.794,173
128.442,344.13,166
130.451,342,159
131.488,339.328,154
133.22,336.439,144
131.956,340.185,151
133.174,331.352,133
132.323,339.619,155
128.853,340.234,156
132.545,330.04,128
132.341,341.94,156
129.967,343.61,157
126.883,335.624,151
126.719,345.137,147
126.932,342.651,151
129.627,345.67,162
128.81,344.316,162
124.867,343.307,164
128.18,341.299,165
129.446,341.516,183
128.331,344.66,168
128.135,343.264,163
128.742,341.865,156
128.8,342.214,155
129.145,337.026,154
129.735,340.295,155
127.347,343.997,162
128.315,329.893,137
130.841,307.888,100
131.677,315.377,117
132.435,339.142,141
133.61,342.398,145
131.592,340.256,148
133.53,342.519,147
133.715,342.108,146
133.161,343.779,146
133.332,342.324,146
133.314,343.397,146
133.35,340.98,144
132.091,307.314,98
119.522,158.611,129
132.689,333.291,152
132.63,336.268,153
131.995,333.7,153
132.105,332.546,154
130.628,331.26,144
132.236,316.342,125
131.226,337.793,145
130.649,337.971,150
129.714,338.848,150
128.89,335.901,144
131.494,333.507,143
129.354,330.338,136
128.885,337.562,144
128.748,337.673,142
130.32,337.314,137
129.769,336.425,137
128.011,339.563,146
131.098,336.611,144
127.981,340.581,147
128.513,341.303,149
127.578,341.725,151
128.694,336.601,144
131.16,337.205,142
128.477,339.743,149
129.949,339.506,150
128.201,339.586,149
125.893,340.038,151
126.189,340.572,150
125.849,339.91,151
128.056,341.029,159
128.314,340.867,159
128.462,340.845,160
128.707,340.641,158
129.917,338.136,143
131.546,329.462,142
129.461,338.233,151
128.986,325.847,134
133.62,325.529,136
134.456,333.061,144
130.882,302.508,148
128.749,321.121,135
133.848,288.78,97
129.611,280.38,141
125.837,296.42,96
132.465,331.881,126
133.373,327.379,126
132.807,326.402,134
133.856,335.773,129
125.894,320.331,126
131.354,320.98,126
131.244,322.282,129
131.577,313.528,118
130.391,323.914,125
129.438,325.287,126
129.119,324.936,123
129.754,322.796,124
125.257,276.605,165
115.513,100.72,189
130.095,335.159,135
132.903,327.216,132
131.949,302.64,112
130.237,326.809,122
128.449,327.144,119
126.3,343.579,140
124.859,342.603,137
125.297,334.674,139
125.805,334.833,139
125.39,345.922,139
126.334,343.73,144
125.593,340.84,138
126.706,338.292,139
125.831,340.123,137
131.218,328.376,132
129.249,322.861,111
130.534,332.895,128
131.035,331.318,122
131.859,304.727,101
132.614,303.072,101
134.192,292.26,95
122.097,273.998,137
133.77,296.846,98
135.428,291.307,94
137.05,315.824,101
135.584,331.421,123
135.36,331.692,128
132.169,336.245,136
131.579,325.807,134
130.172,330.464,148
130.332,333.488,134
134.769,330.624,152
130.086,338.288,154
129.99,339.723,150
129.783,335.427,143
127.291,341.215,153
127.974,333.194,140
131.743,341.526,148
123.602,338.081,143
130.265,339.708,145
130.604,327.991,121
134.561,320.169,120
131.22,323.586,116
123.539,321.804,120
131.088,336.187,147
131.347,322.827,124
133.021,339.899,141
133.316,327.311,129
134.476,322.612,115
132.787,319.471,117
134.114,319.52,120
133.565,335.164,145
127.604,340.928,154
127.846,337.686,150
132.209,338.835,150
135.308,324.423,130
130.599,334.849,137
129.535,331.983,134
132.623,330.13,145
132.216,328.227,132
130.362,324.652,128
131.912,329.068,127
134.103,330.99,137
133.752,338.159,146
132.762,337.794,145
133.811,339.584,145
129.638,343.537,154
127.731,326.125,145
130.874,339.401,154
135.378,341.801,138
135.618,328.829,124
134.616,328.927,125
134.484,336.541,128
147.768,326.655,123
147.578,331.03,125
135.251,337.419,122
134.466,328.966,123
133.602,334.975,122
132.006,339.787,131
131.596,342.394,131
128.109,340.019,119
